                  epoch,         train/box_loss,         train/seg_loss,         train/cls_loss,         train/dfl_loss,   metrics/precision(B),      metrics/recall(B),       metrics/mAP50(B),    metrics/mAP50-95(B),   metrics/precision(M),      metrics/recall(M),       metrics/mAP50(M),    metrics/mAP50-95(M),           val/box_loss,           val/seg_loss,           val/cls_loss,           val/dfl_loss,                 lr/pg0,                 lr/pg1,                 lr/pg2
                      1,                 2.4879,                 3.1627,                  7.357,                 1.1054,                0.37339,                0.33167,                0.25209,                0.08385,                0.36281,                 0.3217,                0.24832,                0.06551,                 2.6056,                 2.5537,                   6.26,                 1.0575,              0.0006637,              0.0006637,              0.0006637
                      2,                 2.4869,                 2.9072,                 2.8831,                 1.1062,                0.37241,                0.41646,                0.29905,                0.09607,                 0.3864,                0.41646,                0.31019,                0.09442,                 2.3914,                 2.8064,                 2.7171,                  1.045,              0.0013216,              0.0013216,              0.0013216
